City_ID,City,Lat,Lng,Max Temp,Humidity,Cloudiness,Wind Speed,Country,Date
0,marsh harbour,26.5412,-77.0636,301.61,59,100,7.36,BS,2023-09-02 19:24:16
1,waitangi,-43.9535,-176.5597,284.16,77,88,0.89,NZ,2023-09-02 19:23:16
2,ancud,-41.8697,-73.8203,279.1,80,53,3.92,CL,2023-09-02 19:24:16
3,ribeira grande,38.5167,-28.7,294.69,88,11,2.68,PT,2023-09-02 19:24:16
4,adamstown,-25.066,-130.1015,291.94,80,100,5.3,PN,2023-09-02 19:24:17
5,puerto natales,-51.7236,-72.4875,272.75,91,70,1.95,CL,2023-09-02 19:24:17
6,wailua homesteads,22.0669,-159.378,303.59,72,75,7.2,US,2023-09-02 19:24:17
7,qamdo,31.1667,97.2333,273.1,67,9,0.64,CN,2023-09-02 19:24:17
8,albany,42.6001,-73.9662,296.51,75,100,1.39,US,2023-09-02 19:24:17
9,puerto santa,-8.9906,-78.6456,293.51,83,3,4.72,PE,2023-09-02 19:24:18
10,hawaiian paradise park,19.5933,-154.9731,301.88,76,0,4.63,US,2023-09-02 19:21:53
11,san antonio de pale,-1.4014,5.6325,296.82,89,97,6.56,GQ,2023-09-02 19:24:18
12,saipan,15.1355,145.701,302.54,84,40,3.6,MP,2023-09-02 19:24:18
13,punta arenas,-53.15,-70.9167,274.81,74,95,5.79,CL,2023-09-02 19:20:38
14,nadi,-17.8,177.4167,300.15,74,40,5.14,FJ,2023-09-02 19:24:19
15,isafjordur,66.0755,-23.124,282.29,79,100,10.79,IS,2023-09-02 19:20:20
16,whitehorse,60.7161,-135.0538,283.6,61,75,7.2,CA,2023-09-02 19:24:19
17,edinburgh of the seven seas,-37.0676,-12.3116,283.53,55,100,2.57,SH,2023-09-02 19:24:20
18,vadso,70.0744,29.7487,284.64,93,100,2.06,NO,2023-09-02 19:24:20
19,daru,-9.0763,143.2092,298.5,64,92,6.78,PG,2023-09-02 19:24:20
20,sakakah,29.9697,40.2064,303.91,19,0,3.48,SA,2023-09-02 19:24:20
21,qaqortoq,60.7167,-46.0333,277.74,65,0,14.03,GL,2023-09-02 19:24:20
22,uliastay,47.7417,96.8444,283.14,40,59,2.13,MN,2023-09-02 19:24:21
23,longyearbyen,78.2186,15.6401,278.06,81,75,2.57,SJ,2023-09-02 19:24:21
24,srikakulam,18.3,83.9,299.71,82,100,1.96,IN,2023-09-02 19:24:21
25,karratha,-20.7377,116.8463,290.64,73,21,6.59,AU,2023-09-02 19:24:21
26,vorgashor,67.5833,63.95,283.45,87,73,1.7,RU,2023-09-02 19:24:22
27,touros,-5.1989,-35.4608,298.18,82,4,6.29,BR,2023-09-02 19:24:22
28,bikenibeu village,1.3673,173.1241,303.13,74,40,3.09,KI,2023-09-02 19:24:22
29,bethel,41.3712,-73.414,296.2,71,0,4.63,US,2023-09-02 19:21:00
30,nong phai,15.9903,101.0618,297.26,98,77,0.24,TH,2023-09-02 19:24:22
31,coquimbo,-29.9533,-71.3436,287.0,82,100,4.12,CL,2023-09-02 19:24:23
32,yellowknife,62.456,-114.3525,290.44,86,75,11.32,CA,2023-09-02 19:19:55
33,bilibino,68.0546,166.4372,273.95,96,99,3.67,RU,2023-09-02 19:23:09
34,malango,-2.9627,119.9001,292.28,91,84,0.42,ID,2023-09-02 19:24:23
35,ulladulla,-35.35,150.4667,287.34,60,18,0.57,AU,2023-09-02 19:24:25
36,puerto ayora,-0.7393,-90.3518,301.13,93,55,4.47,EC,2023-09-02 19:24:25
37,rio grande,-32.035,-52.0986,292.01,95,100,3.08,BR,2023-09-02 19:24:25
38,kailua-kona,19.6406,-155.9956,303.3,75,20,6.17,US,2023-09-02 19:24:25
39,iqaluit,63.7506,-68.5145,277.0,69,100,4.12,CA,2023-09-02 19:24:25
40,lake stevens,48.0151,-122.0637,304.61,47,0,4.12,US,2023-09-02 19:20:52
41,lihue,21.9789,-159.3672,303.92,64,75,7.2,US,2023-09-02 19:24:26
42,sabang,5.8933,95.3214,301.23,75,100,9.31,ID,2023-09-02 19:24:26
43,ilulissat,69.2167,-51.1,276.16,75,100,5.66,GL,2023-09-02 19:24:26
44,ambon,-3.6954,128.1814,298.23,83,40,2.06,ID,2023-09-02 19:24:26
45,talnakh,69.4865,88.3972,278.82,86,93,4.68,RU,2023-09-02 19:24:26
46,thompson,55.7435,-97.8558,294.24,60,100,5.66,CA,2023-09-02 19:24:27
47,grytviken,-54.2811,-36.5092,274.05,96,89,3.87,GS,2023-09-02 19:24:27
48,mount gambier,-37.8333,140.7667,284.61,72,0,4.81,AU,2023-09-02 19:19:36
49,alofi,-19.0595,-169.9187,299.09,61,69,3.6,NU,2023-09-02 19:24:28
50,belmonte,-15.8631,-38.8828,296.11,78,94,3.39,BR,2023-09-02 19:24:29
51,pangai,-19.8,-174.35,296.7,73,67,5.17,TO,2023-09-02 19:24:29
52,nabire,-3.3667,135.4833,298.9,86,84,1.16,ID,2023-09-02 19:24:29
53,port-aux-francais,-49.35,70.2167,276.9,88,80,14.15,TF,2023-09-02 19:24:29
54,kaga bandoro,6.9896,19.1874,295.52,95,94,0.52,CF,2023-09-02 19:24:29
55,margaret river,-33.95,115.0667,284.25,63,100,10.63,AU,2023-09-02 19:24:29
56,polyarnyy,69.1989,33.4478,287.57,87,38,0.71,RU,2023-09-02 19:21:09
57,saint-philippe,-21.3585,55.7679,292.92,82,39,6.19,RE,2023-09-02 19:24:30
58,invercargill,-46.4,168.35,282.6,95,99,2.24,NZ,2023-09-02 19:22:15
59,al jubayl,27.0112,49.6583,305.01,67,0,1.53,SA,2023-09-02 19:24:30
60,east london,-33.0153,27.9116,289.37,71,98,1.44,ZA,2023-09-02 19:24:31
61,iskateley,67.6803,53.1512,289.0,93,97,1.08,RU,2023-09-02 19:24:31
62,west island,-12.1568,96.8225,298.14,78,40,6.69,CC,2023-09-02 19:24:31
63,kalispell,48.1958,-114.3129,300.65,40,0,6.69,US,2023-09-02 19:23:05
64,kayangel,8.0823,134.7173,301.4,79,100,5.43,PW,2023-09-02 19:24:19
65,kirakira,-10.4544,161.9205,302.01,73,26,4.67,SB,2023-09-02 19:24:32
66,lanzhou,36.0564,103.7922,293.24,44,9,1.41,CN,2023-09-02 19:24:32
67,port elizabeth,-33.918,25.5701,285.31,71,75,2.57,ZA,2023-09-02 19:24:32
68,ushuaia,-54.8,-68.3,273.96,80,100,4.12,AR,2023-09-02 19:21:07
69,nizhneudinsk,54.9076,99.0276,282.47,92,86,1.12,RU,2023-09-02 19:24:32
70,papatowai,-46.5619,169.4708,282.36,86,84,1.38,NZ,2023-09-02 19:24:34
71,blackmans bay,-43.0167,147.3167,281.89,90,0,2.19,AU,2023-09-02 19:24:34
72,stanley,54.868,-1.6985,287.63,90,0,2.06,GB,2023-09-02 19:24:35
73,ulsteinvik,62.3432,5.8487,288.57,79,100,0.89,NO,2023-09-02 19:24:35
74,date,42.4681,140.8681,295.45,73,7,1.21,JP,2023-09-02 19:24:35
75,abepura,-2.6333,140.5833,300.6,78,20,2.06,ID,2023-09-02 19:24:35
76,jalai nur,49.45,117.7,283.65,85,99,6.28,CN,2023-09-02 19:24:36
77,ciudad insurgentes,25.2625,-111.7753,306.23,45,3,6.47,MX,2023-09-02 19:24:36
78,friedeburg,53.45,7.8333,286.43,99,97,1.03,DE,2023-09-02 19:24:36
79,hermanus,-34.4187,19.2345,280.82,79,100,2.7,ZA,2023-09-02 19:24:37
80,tamanrasset,22.785,5.5228,300.1,29,40,1.54,DZ,2023-09-02 19:24:37
81,shakhtersk,48.0625,38.5167,291.63,74,24,4.31,UA,2023-09-02 19:24:37
82,port macquarie,-31.4333,152.9167,291.42,60,6,1.95,AU,2023-09-02 19:23:46
83,wynyard,-41.0,145.7167,279.81,82,100,4.48,AU,2023-09-02 19:24:37
84,hastings,50.8552,0.5729,290.88,46,44,4.56,GB,2023-09-02 19:24:37
85,trairi,-3.2778,-39.2689,298.95,81,5,5.02,BR,2023-09-02 19:24:38
86,marte,12.3611,13.8246,301.13,59,10,2.9,NG,2023-09-02 19:24:38
87,lorengau,-2.0226,147.2712,301.91,69,62,5.38,PG,2023-09-02 19:24:38
88,peace river,56.2501,-117.286,294.32,37,75,4.12,CA,2023-09-02 19:24:39
89,st. john's,47.5649,-52.7093,289.7,79,20,4.63,CA,2023-09-02 19:24:39
90,bredasdorp,-34.5322,20.0403,281.9,89,100,1.86,ZA,2023-09-02 19:24:39
91,enoch,37.7733,-113.0244,296.29,63,40,7.2,US,2023-09-02 19:24:39
92,rebola,3.7167,8.8333,296.03,89,73,2.71,GQ,2023-09-02 19:24:39
93,windhoek,-22.5594,17.0832,288.38,19,1,2.57,NA,2023-09-02 19:24:39
94,barra dos coqueiros,-10.9089,-37.0386,299.16,69,40,4.63,BR,2023-09-02 19:22:16
95,constantia,44.1833,28.65,293.54,63,0,3.33,RO,2023-09-02 19:20:07
96,vila velha,-20.3297,-40.2925,296.12,91,75,1.54,BR,2023-09-02 19:24:40
97,acarau,-2.8856,-40.12,299.14,82,3,7.88,BR,2023-09-02 19:24:40
98,mareeba,-17.0,145.4333,296.75,69,83,3.33,AU,2023-09-02 19:24:40
99,saint-pierre,-21.3393,55.4781,292.97,77,0,1.54,RE,2023-09-02 19:24:41
100,kruisfontein,-34.0033,24.7314,283.33,69,99,1.39,ZA,2023-09-02 19:24:41
101,hasaki,35.7333,140.8333,302.37,77,100,4.95,JP,2023-09-02 19:24:41
102,menongue,-14.6585,17.691,288.83,19,0,0.92,AO,2023-09-02 19:24:41
103,bardai,11.65,7.2333,294.35,87,32,2.8,NG,2023-09-02 19:24:41
104,iskushuban,10.2837,50.23,300.52,56,35,1.02,SO,2023-09-02 19:24:42
105,kodiak,57.79,-152.4072,286.88,67,40,2.57,US,2023-09-02 19:24:42
106,miracema do tocantins,-9.5618,-48.3967,303.81,39,56,1.64,BR,2023-09-02 19:24:42
107,la'ie,21.6477,-157.9253,305.13,65,7,4.92,US,2023-09-02 19:24:42
108,holualoa,19.6228,-155.9522,301.23,75,20,6.17,US,2023-09-02 19:24:42
109,happy valley-goose bay,53.3168,-60.3315,290.32,82,100,3.09,CA,2023-09-02 19:21:00
110,magadan,59.5667,150.8,279.56,81,100,5.49,RU,2023-09-02 19:24:44
111,katsuura,35.1333,140.3,300.14,77,72,6.0,JP,2023-09-02 19:24:44
112,suar,29.0333,79.05,298.41,73,0,1.77,IN,2023-09-02 19:24:45
113,aldama,22.9167,-98.0667,304.47,55,35,5.59,MX,2023-09-02 19:24:46
114,ust'-ordynskiy,52.805,104.7508,281.07,78,95,1.09,RU,2023-09-02 19:24:46
115,richards bay,-28.783,32.0377,292.6,88,94,4.14,ZA,2023-09-02 19:24:46
116,praia da vitoria,38.7333,-27.0667,295.29,88,20,2.85,PT,2023-09-02 19:24:46
117,arys,42.4252,68.795,293.77,28,59,2.68,KZ,2023-09-02 19:24:47
118,zhanga buqtyrma,49.6295,83.5248,284.5,75,36,0.91,KZ,2023-09-02 19:24:47
119,broken hill,-31.95,141.4333,288.91,35,0,4.86,AU,2023-09-02 19:24:47
120,utrik,11.2278,169.8474,301.33,72,66,0.79,MH,2023-09-02 19:24:47
121,dudinka,69.4058,86.1778,279.05,93,100,7.09,RU,2023-09-02 19:24:47
122,ixtapa,20.7,-105.2,304.94,70,75,2.24,MX,2023-09-02 19:24:48
123,tafresh,34.692,50.013,295.64,26,6,3.37,IR,2023-09-02 19:24:48
124,nazilli,37.9163,28.3223,294.76,80,46,1.84,TR,2023-09-02 19:24:48
125,zhangye,38.9342,100.4517,292.33,30,32,3.27,CN,2023-09-02 19:24:48
126,thulamahashi,-24.7246,31.1994,293.78,39,0,2.06,ZA,2023-09-02 19:24:49
127,ondjiva,-17.0667,15.7333,293.49,21,12,3.28,AO,2023-09-02 19:24:49
128,chita,52.0333,113.55,280.09,93,75,5.0,RU,2023-09-02 19:24:49
129,la passe,45.5549,-0.8967,295.28,88,81,4.06,FR,2023-09-02 19:24:49
130,al bawiti,28.3492,28.8659,298.1,53,0,4.93,EG,2023-09-02 19:24:49
131,chonchi,-42.6128,-73.8092,278.77,94,65,1.54,CL,2023-09-02 19:24:50
132,cururupu,-1.8283,-44.8683,296.25,88,69,1.89,BR,2023-09-02 19:24:50
133,pyay,18.8167,95.2167,297.83,97,100,1.02,MM,2023-09-02 19:24:50
134,condega,13.365,-86.3985,299.68,78,69,2.45,NI,2023-09-02 19:24:50
135,ubari,26.5921,12.7805,305.89,18,5,6.18,LY,2023-09-02 19:24:50
136,port saint john's,-31.6229,29.5448,290.68,77,100,2.02,ZA,2023-09-02 19:24:51
137,sao jose da coroa grande,-8.8978,-35.1478,297.34,83,35,4.73,BR,2023-09-02 19:24:51
138,alice springs,-23.7,133.8833,294.9,21,0,10.8,AU,2023-09-02 19:24:51
139,nadvoitsy,63.8667,34.3167,287.78,96,55,1.95,RU,2023-09-02 19:24:51
140,hadibu,12.65,54.0333,299.24,83,60,5.62,YE,2023-09-02 19:24:52
141,lebu,-37.6167,-73.65,282.07,74,100,7.02,CL,2023-09-02 19:24:52
142,hobyo,5.3505,48.5268,297.72,84,94,11.56,SO,2023-09-02 19:24:52
143,mehnagar,25.8833,83.1167,301.36,64,24,2.19,IN,2023-09-02 19:24:52
144,lavrio,37.7145,24.0565,300.83,52,0,6.08,GR,2023-09-02 19:24:52
145,natal,-5.795,-35.2094,298.51,83,20,3.09,BR,2023-09-02 19:24:53
146,nyagan,62.1406,65.3936,285.6,86,99,2.28,RU,2023-09-02 19:24:53
147,siocon,7.7061,122.1353,300.0,81,76,1.94,PH,2023-09-02 19:24:53
148,igrim,63.1906,64.4162,283.72,65,97,1.34,RU,2023-09-02 19:24:54
149,essaouira,31.5125,-9.77,293.87,88,87,1.03,MA,2023-09-02 19:24:54
150,swakopmund,-22.6833,14.5333,283.14,81,0,1.34,NA,2023-09-02 19:24:54
151,naliya,23.2667,68.8333,299.47,75,0,3.94,IN,2023-09-02 19:24:54
152,tiksi,71.6872,128.8694,276.66,74,100,4.75,RU,2023-09-02 19:24:54
153,kourou,5.1552,-52.6478,300.18,74,52,5.61,GF,2023-09-02 19:24:55
154,calingasta,-31.3308,-69.4078,286.86,33,100,0.88,AR,2023-09-02 19:24:55
155,naze,28.3667,129.4833,300.66,80,66,5.13,JP,2023-09-02 19:21:38
156,pimentel,-6.8367,-79.9342,296.31,73,0,8.75,PE,2023-09-02 19:24:55
157,carolina beach,34.0352,-77.8936,299.18,72,57,2.29,US,2023-09-02 19:24:55
158,villa gesell,-37.2639,-56.973,282.62,66,100,5.38,AR,2023-09-02 19:24:56
159,saint-leu,-21.15,55.2833,293.61,91,8,0.93,RE,2023-09-02 19:24:56
160,lompoc,34.6391,-120.4579,295.76,81,100,4.92,US,2023-09-02 19:24:56
161,wenchang,30.904,118.4887,295.13,96,100,2.65,CN,2023-09-02 19:24:56
162,tazacorte,28.629,-17.9293,295.69,68,0,2.06,ES,2023-09-02 19:24:56
163,kapa'a,22.0752,-159.319,304.33,72,75,7.2,US,2023-09-02 19:24:56
164,waingapu,-9.6567,120.2641,296.41,76,15,4.02,ID,2023-09-02 19:24:57
165,stung treng,13.5259,105.9683,296.7,99,97,1.24,KH,2023-09-02 19:24:57
166,minas de marcona,-15.2119,-75.1103,288.38,71,15,4.55,PE,2023-09-02 19:24:57
167,udachny,66.4167,112.4,277.29,86,100,2.94,RU,2023-09-02 19:24:53
168,mogadishu,2.0371,45.3438,297.95,88,24,7.41,SO,2023-09-02 19:24:58
169,ust-nera,64.5667,143.2,276.0,66,21,1.14,RU,2023-09-02 19:24:58
170,ad dawadimi,24.5077,44.3924,301.79,19,0,4.3,SA,2023-09-02 19:24:58
171,imperial beach,32.5839,-117.1131,302.86,76,100,4.63,US,2023-09-02 19:24:58
172,smithers,54.7804,-127.1743,295.33,23,20,1.03,CA,2023-09-02 19:24:58
173,laguna,38.421,-121.4238,297.62,52,100,1.54,US,2023-09-02 19:24:59
174,jamestown,42.097,-79.2353,296.18,73,0,3.09,US,2023-09-02 19:24:19
175,bojia,26.4672,111.9681,296.14,85,100,1.05,CN,2023-09-02 19:25:00
176,gorom-gorom,14.4439,-0.2361,298.61,75,100,6.07,BF,2023-09-02 19:25:00
177,olonkinbyen,70.9221,-8.7187,280.24,98,100,9.92,SJ,2023-09-02 19:24:53
178,sitka,57.0531,-135.33,287.09,72,75,4.12,US,2023-09-02 19:25:02
179,betheny,49.285,4.055,292.15,88,0,1.03,FR,2023-09-02 19:25:02
180,klyuchi,52.2667,79.1667,287.31,60,95,3.19,RU,2023-09-02 19:24:51
181,sandnessjoen,66.0217,12.6316,284.44,85,99,5.63,NO,2023-09-02 19:25:02
182,kanniyakumari,8.0833,77.5667,299.12,85,93,6.25,IN,2023-09-02 19:25:03
183,jiangkou,25.4872,119.1986,300.25,81,100,8.14,CN,2023-09-02 19:25:03
184,namibe,-15.1961,12.1522,289.55,92,74,3.23,AO,2023-09-02 19:25:03
185,guarapari,-20.6667,-40.4975,294.76,82,55,5.14,BR,2023-09-02 19:25:04
186,fort st. john,56.2499,-120.8529,295.09,21,20,8.75,CA,2023-09-02 19:21:35
187,camocim,-2.9022,-40.8411,299.29,79,4,6.62,BR,2023-09-02 19:25:04
188,olyokminsk,60.3736,120.4264,279.41,63,89,1.65,RU,2023-09-02 19:25:04
189,krasnyy chikoy,50.3643,108.7512,285.94,94,90,1.37,RU,2023-09-02 19:25:04
190,tolanaro,-25.0319,46.9987,295.19,73,20,8.23,MG,2023-09-02 19:25:05
191,college,64.8569,-147.8028,284.93,66,75,7.72,US,2023-09-02 19:25:05
192,san juan,-31.5375,-68.5364,287.91,27,86,6.42,AR,2023-09-02 19:25:05
193,nemuro,43.3236,145.575,290.73,95,70,2.55,JP,2023-09-02 19:25:05
194,amasra,41.7463,32.3863,294.98,91,17,3.95,TR,2023-09-02 19:25:05
195,thunder bay,48.4001,-89.3168,303.14,51,0,4.63,CA,2023-09-02 19:20:35
196,walvis bay,-22.9575,14.5053,283.2,87,0,1.03,NA,2023-09-02 19:25:06
197,elena,42.9333,25.8833,289.81,67,15,0.8,BG,2023-09-02 19:25:06
198,port alfred,-33.5906,26.891,288.18,63,100,1.36,ZA,2023-09-02 19:25:06
199,taoudenni,22.6783,-3.9836,309.92,13,3,2.72,ML,2023-09-02 19:25:06
200,port lincoln,-34.7333,135.8667,289.74,50,0,8.0,AU,2023-09-02 19:25:07
201,sechura,-5.5569,-80.8222,296.75,64,7,7.52,PE,2023-09-02 19:25:07
202,kill devil hills,36.0307,-75.676,296.47,71,0,0.0,US,2023-09-02 19:25:07
203,sathupalli,17.2497,80.869,298.85,88,100,0.67,IN,2023-09-02 19:25:07
204,boa vista,2.8197,-60.6733,303.14,54,40,2.57,BR,2023-09-02 19:25:07
205,labrador city,52.9463,-66.9114,287.1,94,100,3.6,CA,2023-09-02 19:24:20
206,tralee,52.2704,-9.7026,287.08,95,95,1.16,IE,2023-09-02 19:25:08
207,hithadhoo,-0.6,73.0833,298.35,84,100,7.39,MV,2023-09-02 19:25:08
208,paracuru,-3.41,-39.0306,300.99,81,5,6.04,BR,2023-09-02 19:25:09
209,pontes e lacerda,-15.2261,-59.3353,306.76,34,80,3.2,BR,2023-09-02 19:25:09
210,kavaratti,10.5669,72.642,300.91,76,98,4.95,IN,2023-09-02 19:25:09
211,ola,59.5833,151.2833,279.9,79,100,4.86,RU,2023-09-02 19:25:09
212,kone,-21.0595,164.8658,297.65,62,44,2.55,NC,2023-09-02 19:25:09
213,nizhnyaya poyma,56.1622,97.1933,283.29,78,93,1.42,RU,2023-09-02 19:25:10
214,rabo de peixe,37.8,-25.5833,293.88,73,20,3.6,PT,2023-09-02 19:25:10
215,medicine hat,50.0501,-110.6683,304.39,23,20,4.12,CA,2023-09-02 19:24:01
216,lan sak,15.4529,99.5761,297.32,93,95,0.42,TH,2023-09-02 19:25:10
217,codrington,-38.2667,141.9667,284.93,76,0,5.19,AU,2023-09-02 19:25:10
218,deschutes river woods,43.9915,-121.3584,298.04,36,0,5.14,US,2023-09-02 19:25:11
219,robertsport,6.7533,-11.3686,298.37,88,55,3.99,LR,2023-09-02 19:25:11
220,bignona,12.8103,-16.2264,299.17,95,17,3.05,SN,2023-09-02 19:25:11
221,hilo,19.7297,-155.09,304.97,74,0,4.63,US,2023-09-02 19:21:26
222,itoman,26.1247,127.6694,303.37,79,20,8.23,JP,2023-09-02 19:25:11
223,el alto,-4.2714,-81.2147,295.96,79,3,10.16,PE,2023-09-02 19:25:12
224,taroa,8.7058,171.2275,301.48,73,93,5.12,MH,2023-09-02 19:25:12
225,effium,6.6292,8.0593,295.52,97,96,2.57,NG,2023-09-02 19:25:12
226,badger,64.8,-147.5333,284.89,60,75,7.72,US,2023-09-02 19:25:12
227,mandalgovi,45.7625,106.2708,288.8,66,4,1.92,MN,2023-09-02 19:25:13
228,dickinson,29.4608,-95.0513,309.2,61,20,6.69,US,2023-09-02 19:25:13
229,belinskiy,52.9647,43.4165,289.02,49,100,2.1,RU,2023-09-02 19:25:13
230,caleta de carquin,-11.0925,-77.6267,292.73,80,15,5.0,PE,2023-09-02 19:25:13
231,benguela,-12.5763,13.4055,293.83,82,82,1.29,AO,2023-09-02 19:25:13
232,saint-joseph,-21.3667,55.6167,292.36,79,20,4.88,RE,2023-09-02 19:25:14
233,morigaon,26.3796,92.3415,299.44,91,96,0.92,IN,2023-09-02 19:25:14
234,atafu village,-8.5421,-172.5159,301.5,79,100,7.61,TK,2023-09-02 19:25:14
235,anadyr,64.75,177.4833,282.43,76,75,10.0,RU,2023-09-02 19:25:14
236,vancleave,30.5405,-88.6875,302.42,84,0,3.09,US,2023-09-02 19:25:15
237,qingnian,36.8456,115.7117,295.58,93,6,3.9,CN,2023-09-02 19:25:15
238,chetwayi,10.5333,76.05,298.87,86,100,0.52,IN,2023-09-02 19:25:15
239,qingyuan,23.7,113.0333,299.14,94,98,2.09,CN,2023-09-02 19:25:15
240,sanctuary point,-35.1114,150.629,290.92,62,28,1.07,AU,2023-09-02 19:25:16
241,axim,4.8699,-2.2405,297.7,90,98,3.93,GH,2023-09-02 19:25:16
242,luwingu,-10.2621,29.9271,293.69,43,50,2.73,ZM,2023-09-02 19:25:16
243,mersa matruh,31.3525,27.2453,298.74,66,0,5.81,EG,2023-09-02 19:21:04
244,suva,-18.1416,178.4415,299.86,74,75,2.57,FJ,2023-09-02 19:25:16
245,deulgaon raja,20.0167,76.0333,296.86,79,92,3.46,IN,2023-09-02 19:25:17
246,nova sintra,14.8667,-24.7167,297.8,81,74,1.63,CV,2023-09-02 19:25:17
247,iwanai,42.9744,140.5089,296.16,73,2,0.63,JP,2023-09-02 19:25:17
248,xining,36.6167,101.7667,282.26,74,0,1.16,CN,2023-09-02 19:25:17
249,port mathurin,-19.6833,63.4167,295.61,70,19,11.16,MU,2023-09-02 19:25:18
250,korla,41.7597,86.1469,298.58,30,21,5.25,CN,2023-09-02 19:25:18
251,hamilton,39.1834,-84.5333,305.03,61,0,2.57,US,2023-09-02 19:25:07
252,angaur state,6.906,134.13,301.56,76,99,4.9,PW,2023-09-02 19:25:18
253,tira sujanpur,31.8333,76.5,296.95,79,0,1.5,IN,2023-09-02 19:25:19
254,saint-francois,46.4154,3.9054,289.84,82,0,1.03,FR,2023-09-02 19:25:19
255,aasiaat,68.7098,-52.8699,275.42,72,100,8.93,GL,2023-09-02 19:25:19
256,gadzhiyevo,69.2551,33.3362,287.25,88,35,0.54,RU,2023-09-02 19:25:19
257,darwin,-12.4611,130.8418,299.79,62,75,1.03,AU,2023-09-02 19:23:31
258,hovd,48.0056,91.6419,289.11,34,100,0.58,MN,2023-09-02 19:25:20
259,tual,-5.6667,132.75,298.21,78,20,8.56,ID,2023-09-02 19:25:20
260,ta`u,-14.2336,-169.5144,299.59,72,88,7.6,AS,2023-09-02 19:25:20
261,catia la mar,10.6038,-67.0303,301.26,69,75,1.03,VE,2023-09-02 19:25:20
262,la mira,18.035,-102.3266,303.82,73,96,3.96,MX,2023-09-02 19:25:21
263,geraldton,-28.7667,114.6,289.38,59,40,8.75,AU,2023-09-02 19:25:21
264,arkhangel'sk,64.5401,40.5433,286.98,80,0,2.38,RU,2023-09-02 19:25:21
265,rundu,-17.9333,19.7667,291.84,18,0,2.97,NA,2023-09-02 19:25:21
266,nakhon phanom,17.3333,104.4167,298.04,96,49,1.79,TH,2023-09-02 19:25:22
267,tadine,-21.55,167.8833,293.86,72,100,3.57,NC,2023-09-02 19:25:22
268,wanning,18.8003,110.3967,299.02,83,95,1.35,CN,2023-09-02 19:25:22
269,yanchep,-31.55,115.6833,286.82,67,96,10.41,AU,2023-09-02 19:25:22
270,ormara,25.2088,64.6357,299.16,78,0,4.81,PK,2023-09-02 19:24:51
271,kani keli,-12.9536,45.1033,295.74,74,67,2.0,YT,2023-09-02 19:25:23
272,weno,7.4515,151.8468,302.12,84,100,1.54,FM,2023-09-02 19:25:23
273,enewetak,11.3474,162.3373,301.68,72,93,2.73,MH,2023-09-02 19:25:06
274,yanbu,24.0891,38.0637,305.17,66,0,2.06,SA,2023-09-02 19:25:23
275,tokar,18.4254,37.729,306.36,38,57,4.11,SD,2023-09-02 19:25:23
276,amga,60.8953,131.9608,279.28,59,14,3.59,RU,2023-09-02 19:25:24
277,ivolginsk,51.7492,107.2837,284.96,82,40,2.0,RU,2023-09-02 19:25:24
278,tuy hoa,13.0833,109.3,299.97,77,97,4.15,VN,2023-09-02 19:25:24
279,chibougamau,49.9168,-74.3659,290.94,88,40,3.09,CA,2023-09-02 19:25:24
280,caluula,11.9661,50.7569,303.05,66,67,2.13,SO,2023-09-02 19:24:50
281,aldan,58.6031,125.3894,275.62,80,41,1.82,RU,2023-09-02 19:25:25
282,nagqu,31.5,92.0,272.43,78,12,1.96,CN,2023-09-02 19:25:25
283,kushiro,42.975,144.3747,297.68,78,75,1.54,JP,2023-09-02 19:25:26
284,puerto armuelles,8.2833,-82.8667,301.53,76,100,0.45,PA,2023-09-02 19:25:26
285,queenstown,-31.8976,26.8753,281.93,80,86,1.97,ZA,2023-09-02 19:25:27
286,kashgar,39.4547,75.9797,295.71,37,20,3.0,CN,2023-09-02 19:25:13
287,belo sur tsiribihina,-19.7,44.55,293.14,75,38,1.42,MG,2023-09-02 19:25:28
288,nova vicosa,-17.8919,-39.3719,295.27,74,22,3.08,BR,2023-09-02 19:25:28
289,tura,25.5198,90.2201,297.63,91,100,1.29,IN,2023-09-02 19:25:28
290,island harbour,50.724,-1.2758,290.36,91,56,3.54,GB,2023-09-02 19:25:28
291,hauterive,46.0901,3.4459,291.57,72,79,1.38,FR,2023-09-02 19:25:28
292,tazovsky,67.4667,78.7,280.17,91,98,6.19,RU,2023-09-02 19:25:29
293,margate,51.3813,1.3862,290.87,88,56,1.79,GB,2023-09-02 19:25:29
294,howrah,22.5892,88.3103,300.15,94,40,0.0,IN,2023-09-02 19:25:29
295,san borja,-14.8167,-66.85,306.08,39,99,3.72,BO,2023-09-02 19:25:30
296,goz beida,13.95,20.55,298.55,73,79,4.78,TD,2023-09-02 19:25:31
297,nadym,65.5333,72.5167,279.28,94,1,4.75,RU,2023-09-02 19:25:01
298,tofol,5.3248,163.0078,301.37,73,100,4.48,FM,2023-09-02 19:25:32
299,salekhard,66.53,66.6019,281.96,95,38,3.07,RU,2023-09-02 19:25:32
300,rizhao,35.4275,119.4553,295.19,73,78,0.86,CN,2023-09-02 19:25:33
301,tabarka,36.9544,8.758,298.51,88,40,3.09,TN,2023-09-02 19:25:33
302,colonia,50.9333,6.95,292.02,86,20,0.51,DE,2023-09-02 19:25:13
303,ntungamo,-0.8833,29.65,293.38,72,54,0.95,UG,2023-09-02 19:25:33
304,saint joseph,39.7686,-94.8466,304.93,40,0,4.12,US,2023-09-02 19:23:41
305,sallanches,45.9442,6.6316,292.45,82,73,1.89,FR,2023-09-02 19:25:34
306,batang,-6.4846,110.7083,295.67,77,90,3.11,ID,2023-09-02 19:20:40
307,burhar,23.2167,81.5333,299.51,69,100,2.0,IN,2023-09-02 19:25:34
308,turabah,21.2141,41.6331,301.77,34,61,2.85,SA,2023-09-02 19:25:34
309,taytay,14.5678,121.1394,300.11,77,100,2.57,PH,2023-09-02 19:25:35
310,petropavlovsk-kamchatsky,53.0452,158.6483,290.48,68,0,5.0,RU,2023-09-02 19:24:56
311,nar'yan-mar,67.6713,53.087,289.07,93,98,1.06,RU,2023-09-02 19:25:35
312,dataganj,28.0333,79.4,300.29,57,0,2.49,IN,2023-09-02 19:25:35
313,selfoss,63.9331,-20.9971,281.51,79,10,11.31,IS,2023-09-02 19:25:36
314,bismarck,46.8083,-100.7837,310.06,26,0,6.69,US,2023-09-02 19:25:01
315,new norfolk,-42.7826,147.0587,282.55,68,10,1.26,AU,2023-09-02 19:25:36
316,vernon,50.2581,-119.2691,305.24,36,8,1.03,CA,2023-09-02 19:23:37
317,detroit lakes,46.8172,-95.8453,303.18,54,0,4.63,US,2023-09-02 19:23:13
318,isla vista,34.4133,-119.861,297.04,76,100,3.6,US,2023-09-02 19:25:37
319,chernyshevskiy,63.0128,112.4714,276.96,65,36,1.51,RU,2023-09-02 19:25:07
320,port douglas,-16.4833,145.4667,296.84,59,43,3.95,AU,2023-09-02 19:25:37
321,taunggyi,20.7833,97.0333,290.83,97,100,0.93,MM,2023-09-02 19:25:37
322,broome,42.2506,-75.833,297.36,76,0,1.54,US,2023-09-02 19:25:37
323,kristiansund,63.1115,7.732,284.51,93,100,0.51,NO,2023-09-02 19:25:37
324,santa terezinha,-29.9002,-50.0904,291.22,87,100,2.77,BR,2023-09-02 19:25:38
325,eyl,7.9803,49.8164,298.25,82,93,9.94,SO,2023-09-02 19:25:38
326,isangel,-19.55,169.2667,297.21,88,100,0.0,VU,2023-09-02 19:25:38
327,fortuna,40.5982,-124.1573,296.66,61,40,3.09,US,2023-09-02 19:25:12
328,bangui,4.3612,18.555,298.25,88,20,4.12,CF,2023-09-02 19:25:38
329,gudauta,43.1055,40.6207,297.34,73,72,2.67,GE,2023-09-02 19:25:39
330,berdigestyakh,62.0989,126.6992,279.65,58,94,4.0,RU,2023-09-02 19:25:39
331,nezlobnaya,44.1181,43.4028,290.23,61,74,1.26,RU,2023-09-02 19:25:39
332,taunsa,30.7048,70.6505,306.14,29,0,3.71,PK,2023-09-02 19:25:39
333,gornopravdinsk,60.05,69.9,283.39,91,7,3.63,RU,2023-09-02 19:25:39
334,meulaboh,4.1363,96.1285,297.98,89,100,2.4,ID,2023-09-02 19:25:21
335,ruska poliana,49.417,31.9201,291.3,41,34,1.45,UA,2023-09-02 19:25:40
336,timimoun,29.2639,0.231,305.36,5,0,4.63,DZ,2023-09-02 19:25:40
337,fort mcmurray,56.7268,-111.381,293.92,40,100,5.14,CA,2023-09-02 19:20:41
338,general levalle,-34.0147,-63.9241,280.72,86,100,3.8,AR,2023-09-02 19:25:41
339,tsiombe,-25.3,45.4833,292.06,96,10,3.12,MG,2023-09-02 19:25:41
340,yanjiang,30.1211,104.6481,294.64,79,0,0.84,CN,2023-09-02 19:25:41
341,yerofey pavlovich,53.9667,121.9667,277.09,60,30,1.64,RU,2023-09-02 19:25:43
342,dwarka,22.2394,68.9678,299.99,75,3,4.45,IN,2023-09-02 19:25:43
343,chesma,53.8111,60.6533,284.11,93,82,7.38,RU,2023-09-02 19:25:43
344,pemangkat,1.1667,108.9667,298.67,82,95,4.71,ID,2023-09-02 19:25:43
345,kuqa,41.7278,82.9364,297.83,23,1,2.18,CN,2023-09-02 19:25:43
346,georgetown,5.4112,100.3354,299.11,92,20,0.0,MY,2023-09-02 19:25:26
347,hami,42.8,93.45,299.13,16,1,2.57,CN,2023-09-02 19:25:44
348,abdanan,32.9926,47.4198,301.76,21,0,1.87,IR,2023-09-02 19:25:44
349,fort bragg,35.139,-79.006,300.27,54,0,2.06,US,2023-09-02 19:25:44
350,fauske,67.2588,15.3918,285.8,94,88,0.46,NO,2023-09-02 19:23:53
351,aykhal,66.0,111.5,278.5,59,100,2.87,RU,2023-09-02 19:25:11
352,kingston,17.997,-76.7936,304.68,76,40,5.66,JM,2023-09-02 19:20:57
353,sao jose do belmonte,-7.8614,-38.7597,299.25,56,21,6.32,BR,2023-09-02 19:25:45
354,el calafate,-50.3408,-72.2768,273.5,76,22,1.6,AR,2023-09-02 19:25:45
355,ituango,7.1712,-75.764,291.94,96,100,0.6,CO,2023-09-02 19:25:45
356,sudzha,51.1976,35.2726,286.99,65,23,2.85,RU,2023-09-02 19:25:45
357,kuanda,56.3161,116.0806,280.0,61,21,1.52,RU,2023-09-02 19:25:46
358,afaahiti,-17.75,-149.2833,299.08,79,93,6.89,PF,2023-09-02 19:25:46
359,rawson,-43.3002,-65.1023,283.25,36,15,4.69,AR,2023-09-02 19:25:46
360,la cruz,23.9167,-106.9,304.47,68,31,5.79,MX,2023-09-02 19:25:46
361,kabompo,-13.5927,24.2008,290.01,29,0,2.01,ZM,2023-09-02 19:25:46
362,ghadamis,30.1337,9.5007,308.12,16,61,7.14,LY,2023-09-02 19:25:47
363,uturoa,-16.7333,-151.4333,297.58,76,90,7.49,PF,2023-09-02 19:25:47
364,avarua,-21.2078,-159.775,297.18,50,75,4.63,CK,2023-09-02 19:25:48
365,mendi,-6.1761,143.6513,290.32,78,96,0.96,PG,2023-09-02 19:25:48
366,abbeville,50.1,1.8333,291.75,94,51,2.96,FR,2023-09-02 19:25:49
367,molde,62.7375,7.1591,286.32,100,100,2.06,NO,2023-09-02 19:25:30
368,porto novo,6.4965,2.6036,297.1,92,100,4.77,BJ,2023-09-02 19:25:49
369,oyon,-10.6681,-76.7731,280.46,88,97,1.83,PE,2023-09-02 19:25:49
370,bonthe,7.5264,-12.505,298.5,88,13,3.17,SL,2023-09-02 19:25:49
371,merizo village,13.2658,144.6691,303.0,84,90,3.47,GU,2023-09-02 19:25:50
372,crane,31.3974,-102.3501,309.2,14,0,4.7,US,2023-09-02 19:25:50
373,colares,38.7992,-9.4469,293.12,79,37,11.18,PT,2023-09-02 19:25:50
374,susuman,62.7833,148.1667,273.32,86,100,2.16,RU,2023-09-02 19:25:50
375,ojinaga,29.5667,-104.4167,310.69,24,0,3.6,MX,2023-09-02 19:25:50
376,puerto baquerizo moreno,-0.9,-89.6,297.59,81,47,5.5,EC,2023-09-02 19:22:23
377,chazuta,-6.5742,-76.1367,304.62,57,45,0.55,PE,2023-09-02 19:23:19
378,kapuskasing,49.4169,-82.4331,299.2,61,75,4.12,CA,2023-09-02 19:25:51
379,lazaro cardenas,17.9583,-102.2,303.71,73,95,4.8,MX,2023-09-02 19:25:51
380,solnechnyy,50.7214,136.6319,293.6,71,90,1.01,RU,2023-09-02 19:25:51
381,wuyo,10.3852,11.6968,298.98,66,2,3.02,NG,2023-09-02 19:25:52
382,forster,-32.1667,152.5167,291.69,65,75,1.99,AU,2023-09-02 19:25:52
383,nizhniy odes,63.6445,54.856,285.75,80,23,0.35,RU,2023-09-02 19:25:52
384,ust'-kulom,61.6864,53.6902,283.37,86,20,0.99,RU,2023-09-02 19:25:52
385,yebaishou,41.3975,119.6408,291.24,74,30,2.56,CN,2023-09-02 19:25:52
386,glace bay,46.1969,-59.957,291.57,82,40,4.12,CA,2023-09-02 19:25:53
387,guelendeng,10.9176,15.5501,299.08,71,6,0.82,TD,2023-09-02 19:25:53
388,yarmouth,41.7057,-70.2286,293.15,79,0,7.72,US,2023-09-02 19:25:53
389,karasburg,-28.0167,18.75,283.72,27,51,1.39,NA,2023-09-02 19:25:53
390,caconda,-13.7333,15.0667,290.06,40,0,1.45,AO,2023-09-02 19:25:53
391,vila franca do campo,37.7167,-25.4333,294.38,77,27,2.41,PT,2023-09-02 19:25:54
392,baiti,13.745,-14.7482,300.28,84,1,5.1,SN,2023-09-02 19:25:54
393,st. catharines,43.1668,-79.2496,297.09,69,75,6.69,CA,2023-09-02 19:24:40
394,fale old settlement,-9.3852,-171.2468,301.01,78,100,7.33,TK,2023-09-02 19:25:54
395,siwa oasis,29.2041,25.5195,300.61,40,0,3.83,EG,2023-09-02 19:25:54
396,nhamunda,-2.1861,-56.7131,303.2,33,10,1.81,BR,2023-09-02 19:25:55
397,kanel,15.4916,-13.1763,305.29,59,21,7.75,SN,2023-09-02 19:25:55
398,nola,40.922,14.5329,297.07,82,72,0.77,IT,2023-09-02 19:25:55
399,matthew town,20.95,-73.6667,302.48,71,100,4.06,BS,2023-09-02 19:25:55
400,motygino,58.1831,94.7592,280.45,68,79,1.52,RU,2023-09-02 19:25:55
401,zhanaozen,43.3,52.8,293.85,45,1,3.53,KZ,2023-09-02 19:25:56
402,warwick,41.7001,-71.4162,294.55,75,75,4.92,US,2023-09-02 19:22:52
403,ingeniero jacobacci,-41.3427,-69.5448,276.95,50,45,4.18,AR,2023-09-02 19:25:56
404,hammerfest,70.6634,23.6821,282.4,100,100,3.09,NO,2023-09-02 19:25:20
405,yeraliyev,43.2,51.65,295.56,50,1,4.14,KZ,2023-09-02 19:25:56
406,konarka,19.9,86.1167,299.37,83,100,3.24,IN,2023-09-02 19:25:57
407,fisterra,42.9049,-9.2629,293.72,84,81,10.75,ES,2023-09-02 19:25:57
408,hemsby,52.6971,1.6918,287.58,83,90,1.72,GB,2023-09-02 19:25:57
409,gazli,40.1333,63.45,295.3,22,3,1.11,UZ,2023-09-02 19:25:57
410,bay roberts,47.5999,-53.2648,289.9,83,0,1.34,CA,2023-09-02 19:25:57
411,quthing,-30.4,27.7003,285.1,33,85,1.43,LS,2023-09-02 19:25:58
412,male,4.1748,73.5089,300.12,89,100,8.23,MV,2023-09-02 19:23:19
413,winslow,35.0242,-110.6974,302.25,37,20,2.06,US,2023-09-02 19:25:58
414,torghay,49.6339,63.4981,285.27,82,17,6.47,KZ,2023-09-02 19:25:58
415,egilsstadir,65.2653,-14.3948,283.1,66,0,6.69,IS,2023-09-02 19:25:58
416,shatrovo,56.5167,64.6333,284.19,97,100,3.96,RU,2023-09-02 19:25:59
417,luganville,-15.5333,167.1667,299.75,82,75,4.27,VU,2023-09-02 19:25:59
418,usinsk,65.9939,57.5281,287.36,72,100,2.24,RU,2023-09-02 19:25:59
419,staunton,38.1496,-79.0717,301.85,57,0,3.09,US,2023-09-02 19:21:57
420,novyy urgal,51.0736,132.5642,288.97,82,99,1.48,RU,2023-09-02 19:25:59
421,magistral'nyy,56.1725,107.4458,277.08,72,0,0.8,RU,2023-09-02 19:26:00
422,akureyri,65.6835,-18.0878,284.11,58,75,12.35,IS,2023-09-02 19:26:00
423,carutapera,-1.195,-46.02,299.51,72,94,4.7,BR,2023-09-02 19:26:00
424,walterboro,32.9052,-80.6668,300.4,50,0,0.0,US,2023-09-02 19:18:13
425,gazojak,41.1875,61.4036,296.61,23,40,0.89,TM,2023-09-02 19:26:00
426,sinabang,2.4803,96.3801,298.71,87,100,4.1,ID,2023-09-02 19:26:01
427,tokombere,11.2271,13.4858,298.28,70,21,2.11,NG,2023-09-02 19:26:01
428,zaozersk,69.4005,32.4476,286.23,91,45,1.42,RU,2023-09-02 19:26:01
429,at taj,24.2049,23.2857,301.64,28,0,4.59,LY,2023-09-02 19:26:01
430,nantucket,41.2835,-70.0995,293.15,80,0,6.17,US,2023-09-02 19:26:01
431,lagunas,-5.2269,-75.6753,304.04,49,65,1.41,PE,2023-09-02 19:26:02
432,nenjiang,49.1833,125.2167,284.75,72,100,6.57,CN,2023-09-02 19:26:02
433,sao paulo de olivenca,-3.3783,-68.8725,298.58,89,96,0.78,BR,2023-09-02 19:26:02
434,harper,4.375,-7.7169,298.22,84,72,5.81,LR,2023-09-02 19:22:34
435,cabo san lucas,22.8909,-109.9124,306.27,74,20,5.66,MX,2023-09-02 19:23:09
436,tankara,22.6667,70.7333,299.46,70,0,4.16,IN,2023-09-02 19:26:03
437,jatai,-17.8814,-51.7144,301.04,45,65,2.68,BR,2023-09-02 19:26:03
438,las tablas,7.7667,-80.2833,300.47,99,100,2.31,PA,2023-09-02 19:26:03
439,port hueneme,34.1478,-119.1951,301.92,72,75,5.66,US,2023-09-02 19:22:44
440,nerva,37.6963,-6.5497,291.1,92,89,1.25,ES,2023-09-02 19:26:03
441,yanam,16.7333,82.2167,299.23,90,100,1.37,IN,2023-09-02 19:26:04
442,kuningan,-6.9758,108.4831,290.21,88,62,2.45,ID,2023-09-02 19:26:04
443,nha trang,12.25,109.1833,299.15,77,100,2.33,VN,2023-09-02 19:26:04
444,bhuban,20.8833,85.8333,299.01,90,100,2.31,IN,2023-09-02 19:26:04
445,floro,61.5996,5.0328,285.91,82,100,4.63,NO,2023-09-02 19:26:04
446,woodlake,37.4211,-77.6793,300.05,71,0,2.06,US,2023-09-02 19:26:05
447,el sauzal de rodriguez,31.9,-116.6833,295.05,94,74,2.62,MX,2023-09-02 19:26:05
448,seydi,39.4816,62.9137,294.04,23,0,1.97,TM,2023-09-02 19:26:05
449,astrakhan,46.3497,48.0408,294.08,60,0,3.13,RU,2023-09-02 19:26:05
450,necochea,-38.5473,-58.7368,280.5,77,100,2.63,AR,2023-09-02 19:26:05
451,mocajuba,-2.5842,-49.5072,302.56,45,38,2.17,BR,2023-09-02 19:25:30
452,lala,7.9745,123.7458,299.7,85,72,1.2,PH,2023-09-02 19:26:06
453,praia,14.9215,-23.5087,300.45,83,0,5.14,CV,2023-09-02 19:26:06
454,chapaev,50.2,51.1667,288.24,55,1,3.49,KZ,2023-09-02 19:25:02
455,viedma,-40.8135,-62.9967,278.86,63,13,4.17,AR,2023-09-02 19:26:06
456,lhokseumawe,5.1801,97.1507,298.47,84,100,2.19,ID,2023-09-02 19:26:07
457,lakatoro,-16.0999,167.4164,299.87,80,75,4.25,VU,2023-09-02 19:26:07
458,dhidhdhoo,6.8833,73.1,300.11,78,100,7.6,MV,2023-09-02 19:24:13
459,quelimane,-17.8786,36.8883,296.12,88,40,1.54,MZ,2023-09-02 19:26:07
460,luderitz,-26.6481,15.1594,285.24,63,94,7.12,NA,2023-09-02 19:26:07
461,amahai,-3.3333,128.9167,300.37,81,72,1.24,ID,2023-09-02 19:26:08
462,miranda,3.2499,-76.2281,298.22,85,100,1.78,CO,2023-09-02 19:26:08
463,pionerskiy,54.9508,20.2275,286.06,74,2,5.7,RU,2023-09-02 19:26:08
464,kununurra,-15.7667,128.7333,294.14,83,76,0.51,AU,2023-09-02 19:26:08
465,bouarfa,32.53,-1.95,290.51,80,85,8.1,MA,2023-09-02 19:26:08
466,mersing,2.4312,103.8405,298.1,94,20,2.06,MY,2023-09-02 19:26:09
467,miles city,46.4083,-105.8406,308.69,18,0,8.75,US,2023-09-02 19:25:56
468,trinidad,-14.8333,-64.9,298.14,88,100,2.57,BO,2023-09-02 19:26:09
469,ryotsu-minato,38.0833,138.4333,299.63,77,14,3.43,JP,2023-09-02 19:26:09
470,palmer,42.1584,-72.3287,295.38,66,40,4.12,US,2023-09-02 19:21:45
471,tevriz,57.509,72.4042,284.41,98,100,2.0,RU,2023-09-02 19:26:09
472,kalmunai,7.4167,81.8167,298.23,86,94,8.03,LK,2023-09-02 19:26:10
473,bubaque,11.2833,-15.8333,300.42,80,32,4.6,GW,2023-09-02 19:26:10
474,del rio,29.3627,-100.8968,311.61,23,0,8.94,US,2023-09-02 19:26:10
475,latnaya,51.6586,38.9011,287.09,93,5,2.96,RU,2023-09-02 19:26:10
476,ocean city,39.2776,-74.5746,295.37,71,28,2.68,US,2023-09-02 19:26:10
477,trincomalee,8.5711,81.2335,300.56,74,100,9.02,LK,2023-09-02 19:26:11
478,vershino-darasunskiy,52.35,115.5167,276.68,59,92,4.62,RU,2023-09-02 19:26:11
479,ouesso,1.6136,16.0517,295.22,92,24,1.54,CG,2023-09-02 19:26:11
480,camapua,-19.5314,-54.0439,305.36,37,73,5.31,BR,2023-09-02 19:26:11
481,cidreira,-30.1811,-50.2056,290.63,86,100,3.07,BR,2023-09-02 19:26:12
482,callao,-12.0667,-77.15,295.77,68,100,4.12,PE,2023-09-02 19:22:23
483,boende,-0.2167,20.8667,295.19,98,80,1.84,CD,2023-09-02 19:26:12
484,khandyga,62.6667,135.6,279.09,54,18,1.58,RU,2023-09-02 19:26:12
485,gillette,44.2911,-105.5022,306.5,21,0,7.2,US,2023-09-02 19:22:01
486,remire-montjoly,4.9167,-52.2667,300.17,78,0,3.09,GF,2023-09-02 19:26:13
487,iowa falls,42.5225,-93.2513,306.23,31,0,5.14,US,2023-09-02 19:26:13
488,tindouf,27.6711,-8.1474,295.4,49,60,10.8,DZ,2023-09-02 19:26:14
489,lexington,37.9887,-84.4777,304.15,50,0,2.57,US,2023-09-02 19:24:29
490,brezina,33.0989,1.2608,303.8,27,100,9.88,DZ,2023-09-02 19:26:14
491,arraial do cabo,-22.9661,-42.0278,296.07,78,0,10.29,BR,2023-09-02 19:26:14
492,pisco,-13.7,-76.2167,292.18,77,0,6.69,PE,2023-09-02 19:25:08
493,namtsy,62.7161,129.6658,279.98,55,78,4.75,RU,2023-09-02 19:26:15
494,sao joao da barra,-21.6403,-41.0511,296.2,77,20,8.04,BR,2023-09-02 19:26:15
495,severomorsk,69.0689,33.4162,283.37,85,45,1.29,RU,2023-09-02 19:26:15
496,champua,22.0833,85.6667,298.89,82,100,1.83,IN,2023-09-02 19:26:15
497,alesund,62.4723,6.1549,288.57,76,40,4.12,NO,2023-09-02 19:26:16
498,beneditinos,-5.45,-42.3667,301.31,23,1,2.49,BR,2023-09-02 19:26:16
499,chui,-33.6971,-53.4616,286.05,95,85,4.86,UY,2023-09-02 19:26:16
500,hiratacho,35.4333,132.8167,302.16,83,75,2.06,JP,2023-09-02 19:26:16
501,khanty-mansiysk,61.0042,69.0019,284.21,93,75,3.13,RU,2023-09-02 19:26:16
502,sinjai,-5.1241,120.253,296.96,75,89,1.1,ID,2023-09-02 19:26:17
503,bhinmal,25.0,72.25,299.2,71,0,3.42,IN,2023-09-02 19:26:17
504,tahara,34.6667,137.2667,302.12,69,76,2.01,JP,2023-09-02 19:26:17
505,novyy urengoy,66.0833,76.6333,280.78,90,77,6.29,RU,2023-09-02 19:26:17
506,guangshui,31.6199,113.9978,294.17,85,14,1.76,CN,2023-09-02 19:26:18
507,greenville,35.6127,-77.3663,298.24,67,0,0.0,US,2023-09-02 19:24:35
508,teknaf,20.8624,92.3058,298.98,95,100,2.81,BD,2023-09-02 19:26:18
509,antalaha,-14.9003,50.2788,292.83,86,49,2.83,MG,2023-09-02 19:25:15
510,banjarmasin,-3.3244,114.591,296.23,84,51,1.57,ID,2023-09-02 19:26:18
511,hudiksvall,61.729,17.1036,284.0,90,90,3.08,SE,2023-09-02 19:26:19
512,barra de santo antonio,-9.4047,-35.5072,297.75,83,18,4.86,BR,2023-09-02 19:26:19
513,troitsko-pechorsk,62.7084,56.1964,283.46,89,34,1.12,RU,2023-09-02 19:26:19
514,znamenskoye,57.1281,73.8282,282.89,96,54,1.82,RU,2023-09-02 19:26:19
515,prineville,44.2999,-120.8345,299.33,40,75,5.66,US,2023-09-02 19:26:19
516,luorong,24.4058,109.6086,294.31,91,100,4.69,CN,2023-09-02 19:26:20
517,tionk essil,12.7856,-16.5217,301.13,92,9,3.16,SN,2023-09-02 19:26:20
518,aljezur,37.3191,-8.8033,289.29,93,13,2.5,PT,2023-09-02 19:26:20
519,cape coast,5.1053,-1.2466,297.36,92,100,4.56,GH,2023-09-02 19:26:20
520,pangkalanbuun,-2.6833,111.6167,294.35,92,65,0.9,ID,2023-09-02 19:26:20
521,chos malal,-37.3781,-70.2709,277.54,94,100,0.96,AR,2023-09-02 19:26:21
522,rongelap,11.1635,166.8941,301.19,72,93,1.04,MH,2023-09-02 19:26:21
523,asau,46.4333,26.4,290.66,65,44,1.83,RO,2023-09-02 19:26:21
524,enshi,30.3,109.4833,293.02,93,5,0.59,CN,2023-09-02 19:26:21
525,kudahuvadhoo,2.6708,72.8944,299.63,80,100,7.59,MV,2023-09-02 19:26:21
526,labytnangi,66.6572,66.4183,282.71,94,38,2.74,RU,2023-09-02 19:26:22
527,mathba,22.2855,89.9629,300.82,85,100,1.0,BD,2023-09-02 19:26:22
528,galle,6.0367,80.217,298.0,92,100,5.56,LK,2023-09-02 19:25:43
529,dauphin,51.1494,-100.0502,306.23,25,0,8.75,CA,2023-09-02 19:26:22
530,cocal,-28.6167,-49.35,291.7,84,100,1.66,BR,2023-09-02 19:26:22
531,vesele,47.0148,34.915,291.73,55,8,3.63,UA,2023-09-02 19:26:23
532,klaksvik,62.2266,-6.589,285.66,87,100,8.83,FO,2023-09-02 19:26:23
533,vrangel',42.7297,133.0839,293.55,73,84,1.36,RU,2023-09-02 19:26:23
534,olovyannaya,50.95,115.5667,282.14,82,95,4.59,RU,2023-09-02 19:26:23
535,eastwood,53.0,-1.3,289.34,85,0,3.6,GB,2023-09-02 19:26:24
536,cadale,2.7603,46.3222,297.98,86,23,7.55,SO,2023-09-02 19:26:24
537,lerwick,60.1545,-1.1494,286.15,92,100,10.34,GB,2023-09-02 19:26:24
538,moranbah,-22.0016,148.0466,294.95,46,0,3.23,AU,2023-09-02 19:26:24
539,nuuk,64.1835,-51.7216,276.49,75,40,3.6,GL,2023-09-02 19:26:24
540,lebyazh'ye,55.2689,66.4947,284.41,90,93,4.65,RU,2023-09-02 19:26:25
541,howard springs,-12.497,131.047,299.75,67,84,1.79,AU,2023-09-02 19:26:25
542,igarka,67.4667,86.5833,279.51,93,100,5.16,RU,2023-09-02 19:26:25
543,ewo,-0.8725,14.8206,299.68,70,83,2.68,CG,2023-09-02 19:26:25
544,braniewo,54.3797,19.8196,288.46,80,21,3.83,PL,2023-09-02 19:26:25
545,velikiye luki,56.34,30.5452,288.62,70,100,2.3,RU,2023-09-02 19:26:26
546,san patricio,28.017,-97.5169,308.55,45,57,6.08,US,2023-09-02 19:26:26
547,la plata,-34.9215,-57.9545,283.17,85,98,6.7,AR,2023-09-02 19:26:26
548,heroica matamoros,25.8833,-97.5,307.05,53,0,7.72,MX,2023-09-02 19:22:24
549,lahij,13.1667,44.5833,306.2,36,33,0.49,YE,2023-09-02 19:26:26
550,soc trang,9.6033,105.98,298.44,92,100,3.89,VN,2023-09-02 19:26:27
551,palangkaraya,-2.2,113.8333,294.76,89,36,0.81,ID,2023-09-02 19:26:27
552,prince albert,53.2001,-105.7677,298.12,47,100,3.09,CA,2023-09-02 19:26:27
553,kozhevnikovo,56.2589,83.9714,281.07,80,86,2.0,RU,2023-09-02 19:26:27
554,sacramento,38.4666,-121.3177,297.54,54,100,1.54,US,2023-09-02 19:23:19
555,la ronge,55.1001,-105.2842,294.29,43,100,4.63,CA,2023-09-02 19:26:28
556,buka,40.8108,69.1986,291.06,28,24,0.51,UZ,2023-09-02 19:26:28
557,bagaha,27.1,84.0833,300.38,81,91,1.09,IN,2023-09-02 19:26:28
558,cananea,30.95,-110.3,302.82,33,7,2.94,MX,2023-09-02 19:26:28
559,pacasmayo,-7.4006,-79.5714,294.08,79,35,5.91,PE,2023-09-02 19:26:29
560,keflavik,64.0049,-22.5624,283.39,71,75,14.92,IS,2023-09-02 19:26:29
561,farafangana,-22.8167,47.8333,292.68,91,21,1.97,MG,2023-09-02 19:26:29
562,las khorey,11.1595,48.1967,304.54,56,7,0.07,SO,2023-09-02 19:26:29
563,bathsheba,13.2167,-59.5167,302.49,79,40,4.12,BB,2023-09-02 19:25:59
564,antonio enes,-16.2325,39.9086,295.25,89,0,2.01,MZ,2023-09-02 19:26:30
565,settat,33.0007,-7.6204,291.05,82,2,2.72,MA,2023-09-02 19:26:30
566,sebastopol,44.6,33.5333,294.82,51,62,5.05,UA,2023-09-02 19:26:30
567,tikapur,28.5,81.1333,298.81,87,0,0.79,NP,2023-09-02 19:26:31
568,janakpur,26.7183,85.9065,301.52,80,100,1.06,NP,2023-09-02 19:26:31
569,puerto aysen,-45.4,-72.7,274.61,97,92,1.91,CL,2023-09-02 19:26:31
570,salair,54.2312,85.7972,284.5,82,100,1.03,RU,2023-09-02 19:26:32
571,paragominas,-2.9667,-47.4833,301.23,38,36,1.97,BR,2023-09-02 19:26:33
572,belabo,4.9333,13.3,293.21,100,24,0.91,CM,2023-09-02 19:26:33
573,carnarvon,-24.8667,113.6333,291.99,65,100,5.55,AU,2023-09-02 19:25:21
574,mili,6.0815,171.735,301.91,63,54,1.79,MH,2023-09-02 19:26:33
575,dunay,42.8803,132.3375,293.54,79,73,2.68,RU,2023-09-02 19:26:33
